id	run_accession	experiment_accession	sample_accession	secondary_sample_accession	study_accession	secondary_study_accession	submission_accession	run_alias	experiment_alias	sample_alias	study_alias	library_layout	library_selection	library_source	library_strategy	library_name	instrument_model	instrument_platform	base_count	read_count	tax_id	scientific_name	sample_title	experiment_title	study_title	sample_description	fastq_md5	fastq_bytes	fastq_ftp	fastq_galaxy	fastq_aspera	fastq_1	fastq_2	md5_1	md5_2	single_end
SRX17979142_SRR21996615	SRR21996615	SRX17979142	SAMN31394041	SRS15494060	PRJNA892713	SRP403809	SRA1524622	GSM6664767_r1	GSM6664767_r1	GSM6664767	GSE216252	SINGLE	cDNA	TRANSCRIPTOMIC	RNA-Seq	GSM6664767	Illumina HiSeq 4000	ILLUMINA	4026108621	26662971	10090	Mus musculus	Renal tubule, cKO genotype, ZT20, rep 5	Illumina HiSeq 4000 sequencing: GSM6664767: Renal tubule, cKO genotype, ZT20, rep 5 Mus musculus RNA-Seq	Multiomics reveals multilevel control of renal and systemic metabolism by the renal tubular circadian clock	Renal tubule, cKO genotype, ZT20, rep 5	86f0a4384feba1d606e1c9d44b595464	1994974558	ftp.sra.ebi.ac.uk/vol1/fastq/SRR219/015/SRR21996615/SRR21996615.fastq.gz	ftp.sra.ebi.ac.uk/vol1/fastq/SRR219/015/SRR21996615/SRR21996615.fastq.gz	fasp.sra.ebi.ac.uk:/vol1/fastq/SRR219/015/SRR21996615/SRR21996615.fastq.gz	ftp.sra.ebi.ac.uk/vol1/fastq/SRR219/015/SRR21996615/SRR21996615.fastq.gz		86f0a4384feba1d606e1c9d44b595464		true
SRX17979141_SRR21996616	SRR21996616	SRX17979141	SAMN31394042	SRS15494059	PRJNA892713	SRP403809	SRA1524622	GSM6664766_r1	GSM6664766_r1	GSM6664766	GSE216252	SINGLE	cDNA	TRANSCRIPTOMIC	RNA-Seq	GSM6664766	Illumina HiSeq 4000	ILLUMINA	3953722392	26183592	10090	Mus musculus	Renal tubule, cKO genotype, ZT20, rep 4	Illumina HiSeq 4000 sequencing: GSM6664766: Renal tubule, cKO genotype, ZT20, rep 4 Mus musculus RNA-Seq	Multiomics reveals multilevel control of renal and systemic metabolism by the renal tubular circadian clock	Renal tubule, cKO genotype, ZT20, rep 4	c0dbfe63b8e86bd8a9555adecd2a1f2d	1969919368	ftp.sra.ebi.ac.uk/vol1/fastq/SRR219/016/SRR21996616/SRR21996616.fastq.gz	ftp.sra.ebi.ac.uk/vol1/fastq/SRR219/016/SRR21996616/SRR21996616.fastq.gz	fasp.sra.ebi.ac.uk:/vol1/fastq/SRR219/016/SRR21996616/SRR21996616.fastq.gz	ftp.sra.ebi.ac.uk/vol1/fastq/SRR219/016/SRR21996616/SRR21996616.fastq.gz		c0dbfe63b8e86bd8a9555adecd2a1f2d		true
SRX17979140_SRR21996617	SRR21996617	SRX17979140	SAMN31394043	SRS15494058	PRJNA892713	SRP403809	SRA1524622	GSM6664765_r1	GSM6664765_r1	GSM6664765	GSE216252	SINGLE	cDNA	TRANSCRIPTOMIC	RNA-Seq	GSM6664765	Illumina HiSeq 4000	ILLUMINA	4081655330	27030830	10090	Mus musculus	Renal tubule, cKO genotype, ZT20, rep 3	Illumina HiSeq 4000 sequencing: GSM6664765: Renal tubule, cKO genotype, ZT20, rep 3 Mus musculus RNA-Seq	Multiomics reveals multilevel control of renal and systemic metabolism by the renal tubular circadian clock	Renal tubule, cKO genotype, ZT20, rep 3	2149e8ebb50590205aaf6a14ca3bc6bf	2020445260	ftp.sra.ebi.ac.uk/vol1/fastq/SRR219/017/SRR21996617/SRR21996617.fastq.gz	ftp.sra.ebi.ac.uk/vol1/fastq/SRR219/017/SRR21996617/SRR21996617.fastq.gz	fasp.sra.ebi.ac.uk:/vol1/fastq/SRR219/017/SRR21996617/SRR21996617.fastq.gz	ftp.sra.ebi.ac.uk/vol1/fastq/SRR219/017/SRR21996617/SRR21996617.fastq.gz		2149e8ebb50590205aaf6a14ca3bc6bf		true
SRX17979139_SRR21996618	SRR21996618	SRX17979139	SAMN31394044	SRS15494057	PRJNA892713	SRP403809	SRA1524622	GSM6664764_r1	GSM6664764_r1	GSM6664764	GSE216252	SINGLE	cDNA	TRANSCRIPTOMIC	RNA-Seq	GSM6664764	Illumina HiSeq 4000	ILLUMINA	4104396232	27181432	10090	Mus musculus	Renal tubule, cKO genotype, ZT20, rep 2	Illumina HiSeq 4000 sequencing: GSM6664764: Renal tubule, cKO genotype, ZT20, rep 2 Mus musculus RNA-Seq	Multiomics reveals multilevel control of renal and systemic metabolism by the renal tubular circadian clock	Renal tubule, cKO genotype, ZT20, rep 2	6035a27d74243eff2eb7238477b164e4	2039690715	ftp.sra.ebi.ac.uk/vol1/fastq/SRR219/018/SRR21996618/SRR21996618.fastq.gz	ftp.sra.ebi.ac.uk/vol1/fastq/SRR219/018/SRR21996618/SRR21996618.fastq.gz	fasp.sra.ebi.ac.uk:/vol1/fastq/SRR219/018/SRR21996618/SRR21996618.fastq.gz	ftp.sra.ebi.ac.uk/vol1/fastq/SRR219/018/SRR21996618/SRR21996618.fastq.gz		6035a27d74243eff2eb7238477b164e4		true
SRX17979138_SRR21996619	SRR21996619	SRX17979138	SAMN31394045	SRS15494056	PRJNA892713	SRP403809	SRA1524622	GSM6664763_r1	GSM6664763_r1	GSM6664763	GSE216252	SINGLE	cDNA	TRANSCRIPTOMIC	RNA-Seq	GSM6664763	Illumina HiSeq 4000	ILLUMINA	4520834602	29939302	10090	Mus musculus	Renal tubule, cKO genotype, ZT20, rep 1	Illumina HiSeq 4000 sequencing: GSM6664763: Renal tubule, cKO genotype, ZT20, rep 1 Mus musculus RNA-Seq	Multiomics reveals multilevel control of renal and systemic metabolism by the renal tubular circadian clock	Renal tubule, cKO genotype, ZT20, rep 1	9c49f3e0589075570452cf8ccda179a4	2237134870	ftp.sra.ebi.ac.uk/vol1/fastq/SRR219/019/SRR21996619/SRR21996619.fastq.gz	ftp.sra.ebi.ac.uk/vol1/fastq/SRR219/019/SRR21996619/SRR21996619.fastq.gz	fasp.sra.ebi.ac.uk:/vol1/fastq/SRR219/019/SRR21996619/SRR21996619.fastq.gz	ftp.sra.ebi.ac.uk/vol1/fastq/SRR219/019/SRR21996619/SRR21996619.fastq.gz		9c49f3e0589075570452cf8ccda179a4		true
SRX17979137_SRR21996620	SRR21996620	SRX17979137	SAMN31394046	SRS15494055	PRJNA892713	SRP403809	SRA1524622	GSM6664762_r1	GSM6664762_r1	GSM6664762	GSE216252	SINGLE	cDNA	TRANSCRIPTOMIC	RNA-Seq	GSM6664762	Illumina HiSeq 4000	ILLUMINA	3953481396	26181996	10090	Mus musculus	Renal tubule, cKO genotype, ZT16, rep 5	Illumina HiSeq 4000 sequencing: GSM6664762: Renal tubule, cKO genotype, ZT16, rep 5 Mus musculus RNA-Seq	Multiomics reveals multilevel control of renal and systemic metabolism by the renal tubular circadian clock	Renal tubule, cKO genotype, ZT16, rep 5	bf201e099b3cec147b9a92053c0f237a	1959820526	ftp.sra.ebi.ac.uk/vol1/fastq/SRR219/020/SRR21996620/SRR21996620.fastq.gz	ftp.sra.ebi.ac.uk/vol1/fastq/SRR219/020/SRR21996620/SRR21996620.fastq.gz	fasp.sra.ebi.ac.uk:/vol1/fastq/SRR219/020/SRR21996620/SRR21996620.fastq.gz	ftp.sra.ebi.ac.uk/vol1/fastq/SRR219/020/SRR21996620/SRR21996620.fastq.gz		bf201e099b3cec147b9a92053c0f237a		true
SRX17979136_SRR21996621	SRR21996621	SRX17979136	SAMN31394047	SRS15494054	PRJNA892713	SRP403809	SRA1524622	GSM6664761_r1	GSM6664761_r1	GSM6664761	GSE216252	SINGLE	cDNA	TRANSCRIPTOMIC	RNA-Seq	GSM6664761	Illumina HiSeq 4000	ILLUMINA	3939912234	26092134	10090	Mus musculus	Renal tubule, cKO genotype, ZT16, rep 4	Illumina HiSeq 4000 sequencing: GSM6664761: Renal tubule, cKO genotype, ZT16, rep 4 Mus musculus RNA-Seq	Multiomics reveals multilevel control of renal and systemic metabolism by the renal tubular circadian clock	Renal tubule, cKO genotype, ZT16, rep 4	d13ec38fae9494dff8e07bf5a113e362	1918372341	ftp.sra.ebi.ac.uk/vol1/fastq/SRR219/021/SRR21996621/SRR21996621.fastq.gz	ftp.sra.ebi.ac.uk/vol1/fastq/SRR219/021/SRR21996621/SRR21996621.fastq.gz	fasp.sra.ebi.ac.uk:/vol1/fastq/SRR219/021/SRR21996621/SRR21996621.fastq.gz	ftp.sra.ebi.ac.uk/vol1/fastq/SRR219/021/SRR21996621/SRR21996621.fastq.gz		d13ec38fae9494dff8e07bf5a113e362		true
SRX17979135_SRR21996622	SRR21996622	SRX17979135	SAMN31394048	SRS15494053	PRJNA892713	SRP403809	SRA1524622	GSM6664760_r1	GSM6664760_r1	GSM6664760	GSE216252	SINGLE	cDNA	TRANSCRIPTOMIC	RNA-Seq	GSM6664760	Illumina HiSeq 4000	ILLUMINA	3909145078	25888378	10090	Mus musculus	Renal tubule, cKO genotype, ZT16, rep 3	Illumina HiSeq 4000 sequencing: GSM6664760: Renal tubule, cKO genotype, ZT16, rep 3 Mus musculus RNA-Seq	Multiomics reveals multilevel control of renal and systemic metabolism by the renal tubular circadian clock	Renal tubule, cKO genotype, ZT16, rep 3	5c935982ac1888769d014744b5d043f4	1908697051	ftp.sra.ebi.ac.uk/vol1/fastq/SRR219/022/SRR21996622/SRR21996622.fastq.gz	ftp.sra.ebi.ac.uk/vol1/fastq/SRR219/022/SRR21996622/SRR21996622.fastq.gz	fasp.sra.ebi.ac.uk:/vol1/fastq/SRR219/022/SRR21996622/SRR21996622.fastq.gz	ftp.sra.ebi.ac.uk/vol1/fastq/SRR219/022/SRR21996622/SRR21996622.fastq.gz		5c935982ac1888769d014744b5d043f4		true
SRX17979134_SRR21996623	SRR21996623	SRX17979134	SAMN31394049	SRS15494052	PRJNA892713	SRP403809	SRA1524622	GSM6664759_r1	GSM6664759_r1	GSM6664759	GSE216252	SINGLE	cDNA	TRANSCRIPTOMIC	RNA-Seq	GSM6664759	Illumina HiSeq 4000	ILLUMINA	3981096427	26364877	10090	Mus musculus	Renal tubule, cKO genotype, ZT16, rep 2	Illumina HiSeq 4000 sequencing: GSM6664759: Renal tubule, cKO genotype, ZT16, rep 2 Mus musculus RNA-Seq	Multiomics reveals multilevel control of renal and systemic metabolism by the renal tubular circadian clock	Renal tubule, cKO genotype, ZT16, rep 2	3e5f89d2a52d990f2409b1aea59855e5	1964919700	ftp.sra.ebi.ac.uk/vol1/fastq/SRR219/023/SRR21996623/SRR21996623.fastq.gz	ftp.sra.ebi.ac.uk/vol1/fastq/SRR219/023/SRR21996623/SRR21996623.fastq.gz	fasp.sra.ebi.ac.uk:/vol1/fastq/SRR219/023/SRR21996623/SRR21996623.fastq.gz	ftp.sra.ebi.ac.uk/vol1/fastq/SRR219/023/SRR21996623/SRR21996623.fastq.gz		3e5f89d2a52d990f2409b1aea59855e5		true
SRX17979133_SRR21996624	SRR21996624	SRX17979133	SAMN31394050	SRS15494051	PRJNA892713	SRP403809	SRA1524622	GSM6664758_r1	GSM6664758_r1	GSM6664758	GSE216252	SINGLE	cDNA	TRANSCRIPTOMIC	RNA-Seq	GSM6664758	Illumina HiSeq 4000	ILLUMINA	4066255293	26928843	10090	Mus musculus	Renal tubule, cKO genotype, ZT16, rep 1	Illumina HiSeq 4000 sequencing: GSM6664758: Renal tubule, cKO genotype, ZT16, rep 1 Mus musculus RNA-Seq	Multiomics reveals multilevel control of renal and systemic metabolism by the renal tubular circadian clock	Renal tubule, cKO genotype, ZT16, rep 1	13eb6ab019a251ae06bf6cb51100a869	2014115376	ftp.sra.ebi.ac.uk/vol1/fastq/SRR219/024/SRR21996624/SRR21996624.fastq.gz	ftp.sra.ebi.ac.uk/vol1/fastq/SRR219/024/SRR21996624/SRR21996624.fastq.gz	fasp.sra.ebi.ac.uk:/vol1/fastq/SRR219/024/SRR21996624/SRR21996624.fastq.gz	ftp.sra.ebi.ac.uk/vol1/fastq/SRR219/024/SRR21996624/SRR21996624.fastq.gz		13eb6ab019a251ae06bf6cb51100a869		true
SRX17979132_SRR21996625	SRR21996625	SRX17979132	SAMN31394051	SRS15494050	PRJNA892713	SRP403809	SRA1524622	GSM6664757_r1	GSM6664757_r1	GSM6664757	GSE216252	SINGLE	cDNA	TRANSCRIPTOMIC	RNA-Seq	GSM6664757	Illumina HiSeq 4000	ILLUMINA	2946415133	19512683	10090	Mus musculus	Renal tubule, cKO genotype, ZT12, rep 5	Illumina HiSeq 4000 sequencing: GSM6664757: Renal tubule, cKO genotype, ZT12, rep 5 Mus musculus RNA-Seq	Multiomics reveals multilevel control of renal and systemic metabolism by the renal tubular circadian clock	Renal tubule, cKO genotype, ZT12, rep 5	08e817eb97f3dc542eb5b513eebe2ce3	1452128881	ftp.sra.ebi.ac.uk/vol1/fastq/SRR219/025/SRR21996625/SRR21996625.fastq.gz	ftp.sra.ebi.ac.uk/vol1/fastq/SRR219/025/SRR21996625/SRR21996625.fastq.gz	fasp.sra.ebi.ac.uk:/vol1/fastq/SRR219/025/SRR21996625/SRR21996625.fastq.gz	ftp.sra.ebi.ac.uk/vol1/fastq/SRR219/025/SRR21996625/SRR21996625.fastq.gz		08e817eb97f3dc542eb5b513eebe2ce3		true
SRX17979131_SRR21996626	SRR21996626	SRX17979131	SAMN31394052	SRS15494049	PRJNA892713	SRP403809	SRA1524622	GSM6664756_r1	GSM6664756_r1	GSM6664756	GSE216252	SINGLE	cDNA	TRANSCRIPTOMIC	RNA-Seq	GSM6664756	Illumina HiSeq 4000	ILLUMINA	4111211164	27226564	10090	Mus musculus	Renal tubule, cKO genotype, ZT12, rep 4	Illumina HiSeq 4000 sequencing: GSM6664756: Renal tubule, cKO genotype, ZT12, rep 4 Mus musculus RNA-Seq	Multiomics reveals multilevel control of renal and systemic metabolism by the renal tubular circadian clock	Renal tubule, cKO genotype, ZT12, rep 4	47839e0de791bc6caca2c1544f7a6d0b	2037844388	ftp.sra.ebi.ac.uk/vol1/fastq/SRR219/026/SRR21996626/SRR21996626.fastq.gz	ftp.sra.ebi.ac.uk/vol1/fastq/SRR219/026/SRR21996626/SRR21996626.fastq.gz	fasp.sra.ebi.ac.uk:/vol1/fastq/SRR219/026/SRR21996626/SRR21996626.fastq.gz	ftp.sra.ebi.ac.uk/vol1/fastq/SRR219/026/SRR21996626/SRR21996626.fastq.gz		47839e0de791bc6caca2c1544f7a6d0b		true
SRX17979130_SRR21996627	SRR21996627	SRX17979130	SAMN31394053	SRS15494048	PRJNA892713	SRP403809	SRA1524622	GSM6664755_r1	GSM6664755_r1	GSM6664755	GSE216252	SINGLE	cDNA	TRANSCRIPTOMIC	RNA-Seq	GSM6664755	Illumina HiSeq 4000	ILLUMINA	4042416772	26770972	10090	Mus musculus	Renal tubule, cKO genotype, ZT12, rep 3	Illumina HiSeq 4000 sequencing: GSM6664755: Renal tubule, cKO genotype, ZT12, rep 3 Mus musculus RNA-Seq	Multiomics reveals multilevel control of renal and systemic metabolism by the renal tubular circadian clock	Renal tubule, cKO genotype, ZT12, rep 3	676574c439720e0b185f3a4ecd1a5694	2012064282	ftp.sra.ebi.ac.uk/vol1/fastq/SRR219/027/SRR21996627/SRR21996627.fastq.gz	ftp.sra.ebi.ac.uk/vol1/fastq/SRR219/027/SRR21996627/SRR21996627.fastq.gz	fasp.sra.ebi.ac.uk:/vol1/fastq/SRR219/027/SRR21996627/SRR21996627.fastq.gz	ftp.sra.ebi.ac.uk/vol1/fastq/SRR219/027/SRR21996627/SRR21996627.fastq.gz		676574c439720e0b185f3a4ecd1a5694		true
SRX17979129_SRR21996628	SRR21996628	SRX17979129	SAMN31394054	SRS15494047	PRJNA892713	SRP403809	SRA1524622	GSM6664754_r1	GSM6664754_r1	GSM6664754	GSE216252	SINGLE	cDNA	TRANSCRIPTOMIC	RNA-Seq	GSM6664754	Illumina HiSeq 4000	ILLUMINA	4138208907	27405357	10090	Mus musculus	Renal tubule, cKO genotype, ZT12, rep 2	Illumina HiSeq 4000 sequencing: GSM6664754: Renal tubule, cKO genotype, ZT12, rep 2 Mus musculus RNA-Seq	Multiomics reveals multilevel control of renal and systemic metabolism by the renal tubular circadian clock	Renal tubule, cKO genotype, ZT12, rep 2	c2a5ca1bc15e099533fbbf0f8abd53dc	2062099794	ftp.sra.ebi.ac.uk/vol1/fastq/SRR219/028/SRR21996628/SRR21996628.fastq.gz	ftp.sra.ebi.ac.uk/vol1/fastq/SRR219/028/SRR21996628/SRR21996628.fastq.gz	fasp.sra.ebi.ac.uk:/vol1/fastq/SRR219/028/SRR21996628/SRR21996628.fastq.gz	ftp.sra.ebi.ac.uk/vol1/fastq/SRR219/028/SRR21996628/SRR21996628.fastq.gz		c2a5ca1bc15e099533fbbf0f8abd53dc		true
SRX17979128_SRR21996629	SRR21996629	SRX17979128	SAMN31394055	SRS15494046	PRJNA892713	SRP403809	SRA1524622	GSM6664753_r1	GSM6664753_r1	GSM6664753	GSE216252	SINGLE	cDNA	TRANSCRIPTOMIC	RNA-Seq	GSM6664753	Illumina HiSeq 4000	ILLUMINA	4023570160	26646160	10090	Mus musculus	Renal tubule, cKO genotype, ZT12, rep 1	Illumina HiSeq 4000 sequencing: GSM6664753: Renal tubule, cKO genotype, ZT12, rep 1 Mus musculus RNA-Seq	Multiomics reveals multilevel control of renal and systemic metabolism by the renal tubular circadian clock	Renal tubule, cKO genotype, ZT12, rep 1	daa9c0968865ffd51a03d4245b256221	1971415442	ftp.sra.ebi.ac.uk/vol1/fastq/SRR219/029/SRR21996629/SRR21996629.fastq.gz	ftp.sra.ebi.ac.uk/vol1/fastq/SRR219/029/SRR21996629/SRR21996629.fastq.gz	fasp.sra.ebi.ac.uk:/vol1/fastq/SRR219/029/SRR21996629/SRR21996629.fastq.gz	ftp.sra.ebi.ac.uk/vol1/fastq/SRR219/029/SRR21996629/SRR21996629.fastq.gz		daa9c0968865ffd51a03d4245b256221		true
SRX17979127_SRR21996630	SRR21996630	SRX17979127	SAMN31394056	SRS15494045	PRJNA892713	SRP403809	SRA1524622	GSM6664752_r1	GSM6664752_r1	GSM6664752	GSE216252	SINGLE	cDNA	TRANSCRIPTOMIC	RNA-Seq	GSM6664752	Illumina HiSeq 4000	ILLUMINA	4220365591	27949441	10090	Mus musculus	Renal tubule, cKO genotype, ZT08, rep 5	Illumina HiSeq 4000 sequencing: GSM6664752: Renal tubule, cKO genotype, ZT08, rep 5 Mus musculus RNA-Seq	Multiomics reveals multilevel control of renal and systemic metabolism by the renal tubular circadian clock	Renal tubule, cKO genotype, ZT08, rep 5	dae6a77d89f5d28ebb7d3b95b55c1bb0	2106521924	ftp.sra.ebi.ac.uk/vol1/fastq/SRR219/030/SRR21996630/SRR21996630.fastq.gz	ftp.sra.ebi.ac.uk/vol1/fastq/SRR219/030/SRR21996630/SRR21996630.fastq.gz	fasp.sra.ebi.ac.uk:/vol1/fastq/SRR219/030/SRR21996630/SRR21996630.fastq.gz	ftp.sra.ebi.ac.uk/vol1/fastq/SRR219/030/SRR21996630/SRR21996630.fastq.gz		dae6a77d89f5d28ebb7d3b95b55c1bb0		true
SRX17979126_SRR21996631	SRR21996631	SRX17979126	SAMN31394057	SRS15494044	PRJNA892713	SRP403809	SRA1524622	GSM6664751_r1	GSM6664751_r1	GSM6664751	GSE216252	SINGLE	cDNA	TRANSCRIPTOMIC	RNA-Seq	GSM6664751	Illumina HiSeq 4000	ILLUMINA	4461002513	29543063	10090	Mus musculus	Renal tubule, cKO genotype, ZT08, rep 4	Illumina HiSeq 4000 sequencing: GSM6664751: Renal tubule, cKO genotype, ZT08, rep 4 Mus musculus RNA-Seq	Multiomics reveals multilevel control of renal and systemic metabolism by the renal tubular circadian clock	Renal tubule, cKO genotype, ZT08, rep 4	275c22e47bae20a8aea66c35903d6a87	2192617726	ftp.sra.ebi.ac.uk/vol1/fastq/SRR219/031/SRR21996631/SRR21996631.fastq.gz	ftp.sra.ebi.ac.uk/vol1/fastq/SRR219/031/SRR21996631/SRR21996631.fastq.gz	fasp.sra.ebi.ac.uk:/vol1/fastq/SRR219/031/SRR21996631/SRR21996631.fastq.gz	ftp.sra.ebi.ac.uk/vol1/fastq/SRR219/031/SRR21996631/SRR21996631.fastq.gz		275c22e47bae20a8aea66c35903d6a87		true
SRX17979125_SRR21996632	SRR21996632	SRX17979125	SAMN31394058	SRS15494043	PRJNA892713	SRP403809	SRA1524622	GSM6664750_r1	GSM6664750_r1	GSM6664750	GSE216252	SINGLE	cDNA	TRANSCRIPTOMIC	RNA-Seq	GSM6664750	Illumina HiSeq 4000	ILLUMINA	3932937695	26045945	10090	Mus musculus	Renal tubule, cKO genotype, ZT08, rep 3	Illumina HiSeq 4000 sequencing: GSM6664750: Renal tubule, cKO genotype, ZT08, rep 3 Mus musculus RNA-Seq	Multiomics reveals multilevel control of renal and systemic metabolism by the renal tubular circadian clock	Renal tubule, cKO genotype, ZT08, rep 3	4b60b7e6b68b02535d1a3fb066d69544	1929378027	ftp.sra.ebi.ac.uk/vol1/fastq/SRR219/032/SRR21996632/SRR21996632.fastq.gz	ftp.sra.ebi.ac.uk/vol1/fastq/SRR219/032/SRR21996632/SRR21996632.fastq.gz	fasp.sra.ebi.ac.uk:/vol1/fastq/SRR219/032/SRR21996632/SRR21996632.fastq.gz	ftp.sra.ebi.ac.uk/vol1/fastq/SRR219/032/SRR21996632/SRR21996632.fastq.gz		4b60b7e6b68b02535d1a3fb066d69544		true
SRX17979124_SRR21996633	SRR21996633	SRX17979124	SAMN31394059	SRS15494042	PRJNA892713	SRP403809	SRA1524622	GSM6664749_r1	GSM6664749_r1	GSM6664749	GSE216252	SINGLE	cDNA	TRANSCRIPTOMIC	RNA-Seq	GSM6664749	Illumina HiSeq 4000	ILLUMINA	4073211259	26974909	10090	Mus musculus	Renal tubule, cKO genotype, ZT08, rep 2	Illumina HiSeq 4000 sequencing: GSM6664749: Renal tubule, cKO genotype, ZT08, rep 2 Mus musculus RNA-Seq	Multiomics reveals multilevel control of renal and systemic metabolism by the renal tubular circadian clock	Renal tubule, cKO genotype, ZT08, rep 2	91f381190ea97e58e60bbf900e4fac4b	2008513161	ftp.sra.ebi.ac.uk/vol1/fastq/SRR219/033/SRR21996633/SRR21996633.fastq.gz	ftp.sra.ebi.ac.uk/vol1/fastq/SRR219/033/SRR21996633/SRR21996633.fastq.gz	fasp.sra.ebi.ac.uk:/vol1/fastq/SRR219/033/SRR21996633/SRR21996633.fastq.gz	ftp.sra.ebi.ac.uk/vol1/fastq/SRR219/033/SRR21996633/SRR21996633.fastq.gz		91f381190ea97e58e60bbf900e4fac4b		true
SRX17979123_SRR21996634	SRR21996634	SRX17979123	SAMN31394060	SRS15494041	PRJNA892713	SRP403809	SRA1524622	GSM6664748_r1	GSM6664748_r1	GSM6664748	GSE216252	SINGLE	cDNA	TRANSCRIPTOMIC	RNA-Seq	GSM6664748	Illumina HiSeq 4000	ILLUMINA	3935706280	26064280	10090	Mus musculus	Renal tubule, cKO genotype, ZT08, rep 1	Illumina HiSeq 4000 sequencing: GSM6664748: Renal tubule, cKO genotype, ZT08, rep 1 Mus musculus RNA-Seq	Multiomics reveals multilevel control of renal and systemic metabolism by the renal tubular circadian clock	Renal tubule, cKO genotype, ZT08, rep 1	909719e5a37a2eff70e266b0871d6dc6	1937712014	ftp.sra.ebi.ac.uk/vol1/fastq/SRR219/034/SRR21996634/SRR21996634.fastq.gz	ftp.sra.ebi.ac.uk/vol1/fastq/SRR219/034/SRR21996634/SRR21996634.fastq.gz	fasp.sra.ebi.ac.uk:/vol1/fastq/SRR219/034/SRR21996634/SRR21996634.fastq.gz	ftp.sra.ebi.ac.uk/vol1/fastq/SRR219/034/SRR21996634/SRR21996634.fastq.gz		909719e5a37a2eff70e266b0871d6dc6		true
SRX17979122_SRR21996635	SRR21996635	SRX17979122	SAMN31394061	SRS15494040	PRJNA892713	SRP403809	SRA1524622	GSM6664747_r1	GSM6664747_r1	GSM6664747	GSE216252	SINGLE	cDNA	TRANSCRIPTOMIC	RNA-Seq	GSM6664747	Illumina HiSeq 4000	ILLUMINA	4029213483	26683533	10090	Mus musculus	Renal tubule, cKO genotype, ZT04, rep 5	Illumina HiSeq 4000 sequencing: GSM6664747: Renal tubule, cKO genotype, ZT04, rep 5 Mus musculus RNA-Seq	Multiomics reveals multilevel control of renal and systemic metabolism by the renal tubular circadian clock	Renal tubule, cKO genotype, ZT04, rep 5	ae6bd766090f8e7c946013ddb734abaa	1976797213	ftp.sra.ebi.ac.uk/vol1/fastq/SRR219/035/SRR21996635/SRR21996635.fastq.gz	ftp.sra.ebi.ac.uk/vol1/fastq/SRR219/035/SRR21996635/SRR21996635.fastq.gz	fasp.sra.ebi.ac.uk:/vol1/fastq/SRR219/035/SRR21996635/SRR21996635.fastq.gz	ftp.sra.ebi.ac.uk/vol1/fastq/SRR219/035/SRR21996635/SRR21996635.fastq.gz		ae6bd766090f8e7c946013ddb734abaa		true
SRX17979121_SRR21996636	SRR21996636	SRX17979121	SAMN31394062	SRS15494039	PRJNA892713	SRP403809	SRA1524622	GSM6664746_r1	GSM6664746_r1	GSM6664746	GSE216252	SINGLE	cDNA	TRANSCRIPTOMIC	RNA-Seq	GSM6664746	Illumina HiSeq 4000	ILLUMINA	4152444130	27499630	10090	Mus musculus	Renal tubule, cKO genotype, ZT04, rep 4	Illumina HiSeq 4000 sequencing: GSM6664746: Renal tubule, cKO genotype, ZT04, rep 4 Mus musculus RNA-Seq	Multiomics reveals multilevel control of renal and systemic metabolism by the renal tubular circadian clock	Renal tubule, cKO genotype, ZT04, rep 4	af65e6522768d541d509ed1f0dc16f5f	2078232212	ftp.sra.ebi.ac.uk/vol1/fastq/SRR219/036/SRR21996636/SRR21996636.fastq.gz	ftp.sra.ebi.ac.uk/vol1/fastq/SRR219/036/SRR21996636/SRR21996636.fastq.gz	fasp.sra.ebi.ac.uk:/vol1/fastq/SRR219/036/SRR21996636/SRR21996636.fastq.gz	ftp.sra.ebi.ac.uk/vol1/fastq/SRR219/036/SRR21996636/SRR21996636.fastq.gz		af65e6522768d541d509ed1f0dc16f5f		true
SRX17979120_SRR21996637	SRR21996637	SRX17979120	SAMN31394063	SRS15494038	PRJNA892713	SRP403809	SRA1524622	GSM6664745_r1	GSM6664745_r1	GSM6664745	GSE216252	SINGLE	cDNA	TRANSCRIPTOMIC	RNA-Seq	GSM6664745	Illumina HiSeq 4000	ILLUMINA	4101987329	27165479	10090	Mus musculus	Renal tubule, cKO genotype, ZT04, rep 3	Illumina HiSeq 4000 sequencing: GSM6664745: Renal tubule, cKO genotype, ZT04, rep 3 Mus musculus RNA-Seq	Multiomics reveals multilevel control of renal and systemic metabolism by the renal tubular circadian clock	Renal tubule, cKO genotype, ZT04, rep 3	7eb055203a9318917aead26d44fba094	2032178078	ftp.sra.ebi.ac.uk/vol1/fastq/SRR219/037/SRR21996637/SRR21996637.fastq.gz	ftp.sra.ebi.ac.uk/vol1/fastq/SRR219/037/SRR21996637/SRR21996637.fastq.gz	fasp.sra.ebi.ac.uk:/vol1/fastq/SRR219/037/SRR21996637/SRR21996637.fastq.gz	ftp.sra.ebi.ac.uk/vol1/fastq/SRR219/037/SRR21996637/SRR21996637.fastq.gz		7eb055203a9318917aead26d44fba094		true
SRX17979119_SRR21996638	SRR21996638	SRX17979119	SAMN31394064	SRS15494037	PRJNA892713	SRP403809	SRA1524622	GSM6664744_r1	GSM6664744_r1	GSM6664744	GSE216252	SINGLE	cDNA	TRANSCRIPTOMIC	RNA-Seq	GSM6664744	Illumina HiSeq 4000	ILLUMINA	4142782546	27435646	10090	Mus musculus	Renal tubule, cKO genotype, ZT04, rep 2	Illumina HiSeq 4000 sequencing: GSM6664744: Renal tubule, cKO genotype, ZT04, rep 2 Mus musculus RNA-Seq	Multiomics reveals multilevel control of renal and systemic metabolism by the renal tubular circadian clock	Renal tubule, cKO genotype, ZT04, rep 2	b4204db7fd625acad5a79cd0915521b6	2078202092	ftp.sra.ebi.ac.uk/vol1/fastq/SRR219/038/SRR21996638/SRR21996638.fastq.gz	ftp.sra.ebi.ac.uk/vol1/fastq/SRR219/038/SRR21996638/SRR21996638.fastq.gz	fasp.sra.ebi.ac.uk:/vol1/fastq/SRR219/038/SRR21996638/SRR21996638.fastq.gz	ftp.sra.ebi.ac.uk/vol1/fastq/SRR219/038/SRR21996638/SRR21996638.fastq.gz		b4204db7fd625acad5a79cd0915521b6		true
SRX17979118_SRR21996639	SRR21996639	SRX17979118	SAMN31394065	SRS15494036	PRJNA892713	SRP403809	SRA1524622	GSM6664743_r1	GSM6664743_r1	GSM6664743	GSE216252	SINGLE	cDNA	TRANSCRIPTOMIC	RNA-Seq	GSM6664743	Illumina HiSeq 4000	ILLUMINA	4087246407	27067857	10090	Mus musculus	Renal tubule, cKO genotype, ZT04, rep 1	Illumina HiSeq 4000 sequencing: GSM6664743: Renal tubule, cKO genotype, ZT04, rep 1 Mus musculus RNA-Seq	Multiomics reveals multilevel control of renal and systemic metabolism by the renal tubular circadian clock	Renal tubule, cKO genotype, ZT04, rep 1	202b5069f304ebb98875aecd72dcd7f7	2031290706	ftp.sra.ebi.ac.uk/vol1/fastq/SRR219/039/SRR21996639/SRR21996639.fastq.gz	ftp.sra.ebi.ac.uk/vol1/fastq/SRR219/039/SRR21996639/SRR21996639.fastq.gz	fasp.sra.ebi.ac.uk:/vol1/fastq/SRR219/039/SRR21996639/SRR21996639.fastq.gz	ftp.sra.ebi.ac.uk/vol1/fastq/SRR219/039/SRR21996639/SRR21996639.fastq.gz		202b5069f304ebb98875aecd72dcd7f7		true
SRX17979117_SRR21996640	SRR21996640	SRX17979117	SAMN31394066	SRS15494035	PRJNA892713	SRP403809	SRA1524622	GSM6664742_r1	GSM6664742_r1	GSM6664742	GSE216252	SINGLE	cDNA	TRANSCRIPTOMIC	RNA-Seq	GSM6664742	Illumina HiSeq 4000	ILLUMINA	4010244712	26557912	10090	Mus musculus	Renal tubule, cKO genotype, ZT0, rep 5	Illumina HiSeq 4000 sequencing: GSM6664742: Renal tubule, cKO genotype, ZT0, rep 5 Mus musculus RNA-Seq	Multiomics reveals multilevel control of renal and systemic metabolism by the renal tubular circadian clock	Renal tubule, cKO genotype, ZT0, rep 5	191ab5835fc83923f8fcbbb3eb7144c2	1980553289	ftp.sra.ebi.ac.uk/vol1/fastq/SRR219/040/SRR21996640/SRR21996640.fastq.gz	ftp.sra.ebi.ac.uk/vol1/fastq/SRR219/040/SRR21996640/SRR21996640.fastq.gz	fasp.sra.ebi.ac.uk:/vol1/fastq/SRR219/040/SRR21996640/SRR21996640.fastq.gz	ftp.sra.ebi.ac.uk/vol1/fastq/SRR219/040/SRR21996640/SRR21996640.fastq.gz		191ab5835fc83923f8fcbbb3eb7144c2		true
SRX17979116_SRR21996641	SRR21996641	SRX17979116	SAMN31394067	SRS15494034	PRJNA892713	SRP403809	SRA1524622	GSM6664741_r1	GSM6664741_r1	GSM6664741	GSE216252	SINGLE	cDNA	TRANSCRIPTOMIC	RNA-Seq	GSM6664741	Illumina HiSeq 4000	ILLUMINA	4240608953	28083503	10090	Mus musculus	Renal tubule, cKO genotype, ZT0, rep 4	Illumina HiSeq 4000 sequencing: GSM6664741: Renal tubule, cKO genotype, ZT0, rep 4 Mus musculus RNA-Seq	Multiomics reveals multilevel control of renal and systemic metabolism by the renal tubular circadian clock	Renal tubule, cKO genotype, ZT0, rep 4	1c965947c71c712eb3d394cbbb730d0d	2141431825	ftp.sra.ebi.ac.uk/vol1/fastq/SRR219/041/SRR21996641/SRR21996641.fastq.gz	ftp.sra.ebi.ac.uk/vol1/fastq/SRR219/041/SRR21996641/SRR21996641.fastq.gz	fasp.sra.ebi.ac.uk:/vol1/fastq/SRR219/041/SRR21996641/SRR21996641.fastq.gz	ftp.sra.ebi.ac.uk/vol1/fastq/SRR219/041/SRR21996641/SRR21996641.fastq.gz		1c965947c71c712eb3d394cbbb730d0d		true
SRX17979115_SRR21996642	SRR21996642	SRX17979115	SAMN31394068	SRS15494033	PRJNA892713	SRP403809	SRA1524622	GSM6664740_r1	GSM6664740_r1	GSM6664740	GSE216252	SINGLE	cDNA	TRANSCRIPTOMIC	RNA-Seq	GSM6664740	Illumina HiSeq 4000	ILLUMINA	4027634627	26673077	10090	Mus musculus	Renal tubule, cKO genotype, ZT0, rep 3	Illumina HiSeq 4000 sequencing: GSM6664740: Renal tubule, cKO genotype, ZT0, rep 3 Mus musculus RNA-Seq	Multiomics reveals multilevel control of renal and systemic metabolism by the renal tubular circadian clock	Renal tubule, cKO genotype, ZT0, rep 3	91439b37daad61d64988dabfc4928093	2017303420	ftp.sra.ebi.ac.uk/vol1/fastq/SRR219/042/SRR21996642/SRR21996642.fastq.gz	ftp.sra.ebi.ac.uk/vol1/fastq/SRR219/042/SRR21996642/SRR21996642.fastq.gz	fasp.sra.ebi.ac.uk:/vol1/fastq/SRR219/042/SRR21996642/SRR21996642.fastq.gz	ftp.sra.ebi.ac.uk/vol1/fastq/SRR219/042/SRR21996642/SRR21996642.fastq.gz		91439b37daad61d64988dabfc4928093		true
SRX17979114_SRR21996643	SRR21996643	SRX17979114	SAMN31394069	SRS15494032	PRJNA892713	SRP403809	SRA1524622	GSM6664739_r1	GSM6664739_r1	GSM6664739	GSE216252	SINGLE	cDNA	TRANSCRIPTOMIC	RNA-Seq	GSM6664739	Illumina HiSeq 4000	ILLUMINA	3887140452	25742652	10090	Mus musculus	Renal tubule, cKO genotype, ZT0, rep 2	Illumina HiSeq 4000 sequencing: GSM6664739: Renal tubule, cKO genotype, ZT0, rep 2 Mus musculus RNA-Seq	Multiomics reveals multilevel control of renal and systemic metabolism by the renal tubular circadian clock	Renal tubule, cKO genotype, ZT0, rep 2	d13019583432a1ff69410641d4c32669	1905334161	ftp.sra.ebi.ac.uk/vol1/fastq/SRR219/043/SRR21996643/SRR21996643.fastq.gz	ftp.sra.ebi.ac.uk/vol1/fastq/SRR219/043/SRR21996643/SRR21996643.fastq.gz	fasp.sra.ebi.ac.uk:/vol1/fastq/SRR219/043/SRR21996643/SRR21996643.fastq.gz	ftp.sra.ebi.ac.uk/vol1/fastq/SRR219/043/SRR21996643/SRR21996643.fastq.gz		d13019583432a1ff69410641d4c32669		true
SRX17979113_SRR21996644	SRR21996644	SRX17979113	SAMN31394070	SRS15494031	PRJNA892713	SRP403809	SRA1524622	GSM6664738_r1	GSM6664738_r1	GSM6664738	GSE216252	SINGLE	cDNA	TRANSCRIPTOMIC	RNA-Seq	GSM6664738	Illumina HiSeq 4000	ILLUMINA	3913317963	25916013	10090	Mus musculus	Renal tubule, cKO genotype, ZT0, rep 1	Illumina HiSeq 4000 sequencing: GSM6664738: Renal tubule, cKO genotype, ZT0, rep 1 Mus musculus RNA-Seq	Multiomics reveals multilevel control of renal and systemic metabolism by the renal tubular circadian clock	Renal tubule, cKO genotype, ZT0, rep 1	cd3b8f993bd2b1a4f5081e2cace66e2e	1922779079	ftp.sra.ebi.ac.uk/vol1/fastq/SRR219/044/SRR21996644/SRR21996644.fastq.gz	ftp.sra.ebi.ac.uk/vol1/fastq/SRR219/044/SRR21996644/SRR21996644.fastq.gz	fasp.sra.ebi.ac.uk:/vol1/fastq/SRR219/044/SRR21996644/SRR21996644.fastq.gz	ftp.sra.ebi.ac.uk/vol1/fastq/SRR219/044/SRR21996644/SRR21996644.fastq.gz		cd3b8f993bd2b1a4f5081e2cace66e2e		true
SRX17979112_SRR21996645	SRR21996645	SRX17979112	SAMN31394071	SRS15494030	PRJNA892713	SRP403809	SRA1524622	GSM6664737_r1	GSM6664737_r1	GSM6664737	GSE216252	SINGLE	cDNA	TRANSCRIPTOMIC	RNA-Seq	GSM6664737	Illumina HiSeq 4000	ILLUMINA	4130569213	27354763	10090	Mus musculus	Renal tubule, control genotype, ZT20, rep 5	Illumina HiSeq 4000 sequencing: GSM6664737: Renal tubule, control genotype, ZT20, rep 5 Mus musculus RNA-Seq	Multiomics reveals multilevel control of renal and systemic metabolism by the renal tubular circadian clock	Renal tubule, control genotype, ZT20, rep 5	a73a6b9d9a93af569a6a8ad76ac2cc45	2054472127	ftp.sra.ebi.ac.uk/vol1/fastq/SRR219/045/SRR21996645/SRR21996645.fastq.gz	ftp.sra.ebi.ac.uk/vol1/fastq/SRR219/045/SRR21996645/SRR21996645.fastq.gz	fasp.sra.ebi.ac.uk:/vol1/fastq/SRR219/045/SRR21996645/SRR21996645.fastq.gz	ftp.sra.ebi.ac.uk/vol1/fastq/SRR219/045/SRR21996645/SRR21996645.fastq.gz		a73a6b9d9a93af569a6a8ad76ac2cc45		true
SRX17979111_SRR21996646	SRR21996646	SRX17979111	SAMN31394072	SRS15494029	PRJNA892713	SRP403809	SRA1524622	GSM6664736_r1	GSM6664736_r1	GSM6664736	GSE216252	SINGLE	cDNA	TRANSCRIPTOMIC	RNA-Seq	GSM6664736	Illumina HiSeq 4000	ILLUMINA	4006218146	26531246	10090	Mus musculus	Renal tubule, control genotype, ZT20, rep 4	Illumina HiSeq 4000 sequencing: GSM6664736: Renal tubule, control genotype, ZT20, rep 4 Mus musculus RNA-Seq	Multiomics reveals multilevel control of renal and systemic metabolism by the renal tubular circadian clock	Renal tubule, control genotype, ZT20, rep 4	9ec042f56024da26b992576614a3705c	1972315893	ftp.sra.ebi.ac.uk/vol1/fastq/SRR219/046/SRR21996646/SRR21996646.fastq.gz	ftp.sra.ebi.ac.uk/vol1/fastq/SRR219/046/SRR21996646/SRR21996646.fastq.gz	fasp.sra.ebi.ac.uk:/vol1/fastq/SRR219/046/SRR21996646/SRR21996646.fastq.gz	ftp.sra.ebi.ac.uk/vol1/fastq/SRR219/046/SRR21996646/SRR21996646.fastq.gz		9ec042f56024da26b992576614a3705c		true
SRX17979110_SRR21996647	SRR21996647	SRX17979110	SAMN31394073	SRS15494028	PRJNA892713	SRP403809	SRA1524622	GSM6664735_r1	GSM6664735_r1	GSM6664735	GSE216252	SINGLE	cDNA	TRANSCRIPTOMIC	RNA-Seq	GSM6664735	Illumina HiSeq 4000	ILLUMINA	4411481610	29215110	10090	Mus musculus	Renal tubule, control genotype, ZT20, rep 3	Illumina HiSeq 4000 sequencing: GSM6664735: Renal tubule, control genotype, ZT20, rep 3 Mus musculus RNA-Seq	Multiomics reveals multilevel control of renal and systemic metabolism by the renal tubular circadian clock	Renal tubule, control genotype, ZT20, rep 3	3d784f8371ad8ad1995da1e63db1b0fb	2171142256	ftp.sra.ebi.ac.uk/vol1/fastq/SRR219/047/SRR21996647/SRR21996647.fastq.gz	ftp.sra.ebi.ac.uk/vol1/fastq/SRR219/047/SRR21996647/SRR21996647.fastq.gz	fasp.sra.ebi.ac.uk:/vol1/fastq/SRR219/047/SRR21996647/SRR21996647.fastq.gz	ftp.sra.ebi.ac.uk/vol1/fastq/SRR219/047/SRR21996647/SRR21996647.fastq.gz		3d784f8371ad8ad1995da1e63db1b0fb		true
SRX17979109_SRR21996648	SRR21996648	SRX17979109	SAMN31394074	SRS15494027	PRJNA892713	SRP403809	SRA1524622	GSM6664734_r1	GSM6664734_r1	GSM6664734	GSE216252	SINGLE	cDNA	TRANSCRIPTOMIC	RNA-Seq	GSM6664734	Illumina HiSeq 4000	ILLUMINA	4522610815	29951065	10090	Mus musculus	Renal tubule, control genotype, ZT20, rep 2	Illumina HiSeq 4000 sequencing: GSM6664734: Renal tubule, control genotype, ZT20, rep 2 Mus musculus RNA-Seq	Multiomics reveals multilevel control of renal and systemic metabolism by the renal tubular circadian clock	Renal tubule, control genotype, ZT20, rep 2	b961b273341f5afceb144cc33b244e9b	2218425940	ftp.sra.ebi.ac.uk/vol1/fastq/SRR219/048/SRR21996648/SRR21996648.fastq.gz	ftp.sra.ebi.ac.uk/vol1/fastq/SRR219/048/SRR21996648/SRR21996648.fastq.gz	fasp.sra.ebi.ac.uk:/vol1/fastq/SRR219/048/SRR21996648/SRR21996648.fastq.gz	ftp.sra.ebi.ac.uk/vol1/fastq/SRR219/048/SRR21996648/SRR21996648.fastq.gz		b961b273341f5afceb144cc33b244e9b		true
SRX17979108_SRR21996649	SRR21996649	SRX17979108	SAMN31394075	SRS15494026	PRJNA892713	SRP403809	SRA1524622	GSM6664733_r1	GSM6664733_r1	GSM6664733	GSE216252	SINGLE	cDNA	TRANSCRIPTOMIC	RNA-Seq	GSM6664733	Illumina HiSeq 4000	ILLUMINA	4127039588	27331388	10090	Mus musculus	Renal tubule, control genotype, ZT20, rep 1	Illumina HiSeq 4000 sequencing: GSM6664733: Renal tubule, control genotype, ZT20, rep 1 Mus musculus RNA-Seq	Multiomics reveals multilevel control of renal and systemic metabolism by the renal tubular circadian clock	Renal tubule, control genotype, ZT20, rep 1	7c278c8e2d44a294d22886c25f12ae6e	2035195669	ftp.sra.ebi.ac.uk/vol1/fastq/SRR219/049/SRR21996649/SRR21996649.fastq.gz	ftp.sra.ebi.ac.uk/vol1/fastq/SRR219/049/SRR21996649/SRR21996649.fastq.gz	fasp.sra.ebi.ac.uk:/vol1/fastq/SRR219/049/SRR21996649/SRR21996649.fastq.gz	ftp.sra.ebi.ac.uk/vol1/fastq/SRR219/049/SRR21996649/SRR21996649.fastq.gz		7c278c8e2d44a294d22886c25f12ae6e		true
SRX17979107_SRR21996650	SRR21996650	SRX17979107	SAMN31394076	SRS15494025	PRJNA892713	SRP403809	SRA1524622	GSM6664732_r1	GSM6664732_r1	GSM6664732	GSE216252	SINGLE	cDNA	TRANSCRIPTOMIC	RNA-Seq	GSM6664732	Illumina HiSeq 4000	ILLUMINA	4281780613	28356163	10090	Mus musculus	Renal tubule, control genotype, ZT16, rep 5	Illumina HiSeq 4000 sequencing: GSM6664732: Renal tubule, control genotype, ZT16, rep 5 Mus musculus RNA-Seq	Multiomics reveals multilevel control of renal and systemic metabolism by the renal tubular circadian clock	Renal tubule, control genotype, ZT16, rep 5	5bbc922856a5996945a19374c90e4a2e	2096130405	ftp.sra.ebi.ac.uk/vol1/fastq/SRR219/050/SRR21996650/SRR21996650.fastq.gz	ftp.sra.ebi.ac.uk/vol1/fastq/SRR219/050/SRR21996650/SRR21996650.fastq.gz	fasp.sra.ebi.ac.uk:/vol1/fastq/SRR219/050/SRR21996650/SRR21996650.fastq.gz	ftp.sra.ebi.ac.uk/vol1/fastq/SRR219/050/SRR21996650/SRR21996650.fastq.gz		5bbc922856a5996945a19374c90e4a2e		true
SRX17979106_SRR21996651	SRR21996651	SRX17979106	SAMN31394077	SRS15494024	PRJNA892713	SRP403809	SRA1524622	GSM6664731_r1	GSM6664731_r1	GSM6664731	GSE216252	SINGLE	cDNA	TRANSCRIPTOMIC	RNA-Seq	GSM6664731	Illumina HiSeq 4000	ILLUMINA	4003434310	26512810	10090	Mus musculus	Renal tubule, control genotype, ZT16, rep 4	Illumina HiSeq 4000 sequencing: GSM6664731: Renal tubule, control genotype, ZT16, rep 4 Mus musculus RNA-Seq	Multiomics reveals multilevel control of renal and systemic metabolism by the renal tubular circadian clock	Renal tubule, control genotype, ZT16, rep 4	89c46f6dd0e9fd540a37fa1ed84f825e	1975049499	ftp.sra.ebi.ac.uk/vol1/fastq/SRR219/051/SRR21996651/SRR21996651.fastq.gz	ftp.sra.ebi.ac.uk/vol1/fastq/SRR219/051/SRR21996651/SRR21996651.fastq.gz	fasp.sra.ebi.ac.uk:/vol1/fastq/SRR219/051/SRR21996651/SRR21996651.fastq.gz	ftp.sra.ebi.ac.uk/vol1/fastq/SRR219/051/SRR21996651/SRR21996651.fastq.gz		89c46f6dd0e9fd540a37fa1ed84f825e		true
SRX17979105_SRR21996652	SRR21996652	SRX17979105	SAMN31394078	SRS15494023	PRJNA892713	SRP403809	SRA1524622	GSM6664730_r1	GSM6664730_r1	GSM6664730	GSE216252	SINGLE	cDNA	TRANSCRIPTOMIC	RNA-Seq	GSM6664730	Illumina HiSeq 4000	ILLUMINA	3995685141	26461491	10090	Mus musculus	Renal tubule, control genotype, ZT16, rep 3	Illumina HiSeq 4000 sequencing: GSM6664730: Renal tubule, control genotype, ZT16, rep 3 Mus musculus RNA-Seq	Multiomics reveals multilevel control of renal and systemic metabolism by the renal tubular circadian clock	Renal tubule, control genotype, ZT16, rep 3	3444713bb5897fc7c4ec6a95b8beae6a	1970999230	ftp.sra.ebi.ac.uk/vol1/fastq/SRR219/052/SRR21996652/SRR21996652.fastq.gz	ftp.sra.ebi.ac.uk/vol1/fastq/SRR219/052/SRR21996652/SRR21996652.fastq.gz	fasp.sra.ebi.ac.uk:/vol1/fastq/SRR219/052/SRR21996652/SRR21996652.fastq.gz	ftp.sra.ebi.ac.uk/vol1/fastq/SRR219/052/SRR21996652/SRR21996652.fastq.gz		3444713bb5897fc7c4ec6a95b8beae6a		true
SRX17979104_SRR21996653	SRR21996653	SRX17979104	SAMN31394079	SRS15494022	PRJNA892713	SRP403809	SRA1524622	GSM6664729_r1	GSM6664729_r1	GSM6664729	GSE216252	SINGLE	cDNA	TRANSCRIPTOMIC	RNA-Seq	GSM6664729	Illumina HiSeq 4000	ILLUMINA	4055098960	26854960	10090	Mus musculus	Renal tubule, control genotype, ZT16, rep 2	Illumina HiSeq 4000 sequencing: GSM6664729: Renal tubule, control genotype, ZT16, rep 2 Mus musculus RNA-Seq	Multiomics reveals multilevel control of renal and systemic metabolism by the renal tubular circadian clock	Renal tubule, control genotype, ZT16, rep 2	eeb5384e864866b89287805d48f99d96	2022895216	ftp.sra.ebi.ac.uk/vol1/fastq/SRR219/053/SRR21996653/SRR21996653.fastq.gz	ftp.sra.ebi.ac.uk/vol1/fastq/SRR219/053/SRR21996653/SRR21996653.fastq.gz	fasp.sra.ebi.ac.uk:/vol1/fastq/SRR219/053/SRR21996653/SRR21996653.fastq.gz	ftp.sra.ebi.ac.uk/vol1/fastq/SRR219/053/SRR21996653/SRR21996653.fastq.gz		eeb5384e864866b89287805d48f99d96		true
SRX17979103_SRR21996654	SRR21996654	SRX17979103	SAMN31394080	SRS15494021	PRJNA892713	SRP403809	SRA1524622	GSM6664728_r1	GSM6664728_r1	GSM6664728	GSE216252	SINGLE	cDNA	TRANSCRIPTOMIC	RNA-Seq	GSM6664728	Illumina HiSeq 4000	ILLUMINA	4124213623	27312673	10090	Mus musculus	Renal tubule, control genotype, ZT16, rep 1	Illumina HiSeq 4000 sequencing: GSM6664728: Renal tubule, control genotype, ZT16, rep 1 Mus musculus RNA-Seq	Multiomics reveals multilevel control of renal and systemic metabolism by the renal tubular circadian clock	Renal tubule, control genotype, ZT16, rep 1	30cc768b231cce706e5b2ebc1b8a3734	2003976762	ftp.sra.ebi.ac.uk/vol1/fastq/SRR219/054/SRR21996654/SRR21996654.fastq.gz	ftp.sra.ebi.ac.uk/vol1/fastq/SRR219/054/SRR21996654/SRR21996654.fastq.gz	fasp.sra.ebi.ac.uk:/vol1/fastq/SRR219/054/SRR21996654/SRR21996654.fastq.gz	ftp.sra.ebi.ac.uk/vol1/fastq/SRR219/054/SRR21996654/SRR21996654.fastq.gz		30cc768b231cce706e5b2ebc1b8a3734		true
SRX17979102_SRR21996655	SRR21996655	SRX17979102	SAMN31394081	SRS15494020	PRJNA892713	SRP403809	SRA1524622	GSM6664727_r1	GSM6664727_r1	GSM6664727	GSE216252	SINGLE	cDNA	TRANSCRIPTOMIC	RNA-Seq	GSM6664727	Illumina HiSeq 4000	ILLUMINA	3992560498	26440798	10090	Mus musculus	Renal tubule, control genotype, ZT12, rep 5	Illumina HiSeq 4000 sequencing: GSM6664727: Renal tubule, control genotype, ZT12, rep 5 Mus musculus RNA-Seq	Multiomics reveals multilevel control of renal and systemic metabolism by the renal tubular circadian clock	Renal tubule, control genotype, ZT12, rep 5	7aa91b644c9733c247bd52dc40300341	1981802409	ftp.sra.ebi.ac.uk/vol1/fastq/SRR219/055/SRR21996655/SRR21996655.fastq.gz	ftp.sra.ebi.ac.uk/vol1/fastq/SRR219/055/SRR21996655/SRR21996655.fastq.gz	fasp.sra.ebi.ac.uk:/vol1/fastq/SRR219/055/SRR21996655/SRR21996655.fastq.gz	ftp.sra.ebi.ac.uk/vol1/fastq/SRR219/055/SRR21996655/SRR21996655.fastq.gz		7aa91b644c9733c247bd52dc40300341		true
SRX17979101_SRR21996656	SRR21996656	SRX17979101	SAMN31394082	SRS15494019	PRJNA892713	SRP403809	SRA1524622	GSM6664726_r1	GSM6664726_r1	GSM6664726	GSE216252	SINGLE	cDNA	TRANSCRIPTOMIC	RNA-Seq	GSM6664726	Illumina HiSeq 4000	ILLUMINA	4186626302	27726002	10090	Mus musculus	Renal tubule, control genotype, ZT12, rep 4	Illumina HiSeq 4000 sequencing: GSM6664726: Renal tubule, control genotype, ZT12, rep 4 Mus musculus RNA-Seq	Multiomics reveals multilevel control of renal and systemic metabolism by the renal tubular circadian clock	Renal tubule, control genotype, ZT12, rep 4	0360ffda06edb8c0f65069e88187a3f0	2078841205	ftp.sra.ebi.ac.uk/vol1/fastq/SRR219/056/SRR21996656/SRR21996656.fastq.gz	ftp.sra.ebi.ac.uk/vol1/fastq/SRR219/056/SRR21996656/SRR21996656.fastq.gz	fasp.sra.ebi.ac.uk:/vol1/fastq/SRR219/056/SRR21996656/SRR21996656.fastq.gz	ftp.sra.ebi.ac.uk/vol1/fastq/SRR219/056/SRR21996656/SRR21996656.fastq.gz		0360ffda06edb8c0f65069e88187a3f0		true
SRX17979100_SRR21996657	SRR21996657	SRX17979100	SAMN31394083	SRS15494018	PRJNA892713	SRP403809	SRA1524622	GSM6664725_r1	GSM6664725_r1	GSM6664725	GSE216252	SINGLE	cDNA	TRANSCRIPTOMIC	RNA-Seq	GSM6664725	Illumina HiSeq 4000	ILLUMINA	3983673997	26381947	10090	Mus musculus	Renal tubule, control genotype, ZT12, rep 3	Illumina HiSeq 4000 sequencing: GSM6664725: Renal tubule, control genotype, ZT12, rep 3 Mus musculus RNA-Seq	Multiomics reveals multilevel control of renal and systemic metabolism by the renal tubular circadian clock	Renal tubule, control genotype, ZT12, rep 3	e7d1e9be362aa065cbc55f7bc7c2cb4b	1978900280	ftp.sra.ebi.ac.uk/vol1/fastq/SRR219/057/SRR21996657/SRR21996657.fastq.gz	ftp.sra.ebi.ac.uk/vol1/fastq/SRR219/057/SRR21996657/SRR21996657.fastq.gz	fasp.sra.ebi.ac.uk:/vol1/fastq/SRR219/057/SRR21996657/SRR21996657.fastq.gz	ftp.sra.ebi.ac.uk/vol1/fastq/SRR219/057/SRR21996657/SRR21996657.fastq.gz		e7d1e9be362aa065cbc55f7bc7c2cb4b		true
SRX17979099_SRR21996658	SRR21996658	SRX17979099	SAMN31394084	SRS15494017	PRJNA892713	SRP403809	SRA1524622	GSM6664724_r1	GSM6664724_r1	GSM6664724	GSE216252	SINGLE	cDNA	TRANSCRIPTOMIC	RNA-Seq	GSM6664724	Illumina HiSeq 4000	ILLUMINA	3945181228	26127028	10090	Mus musculus	Renal tubule, control genotype, ZT12, rep 2	Illumina HiSeq 4000 sequencing: GSM6664724: Renal tubule, control genotype, ZT12, rep 2 Mus musculus RNA-Seq	Multiomics reveals multilevel control of renal and systemic metabolism by the renal tubular circadian clock	Renal tubule, control genotype, ZT12, rep 2	824869f304f1ce22680ae6ee5487cf4d	1922354373	ftp.sra.ebi.ac.uk/vol1/fastq/SRR219/058/SRR21996658/SRR21996658.fastq.gz	ftp.sra.ebi.ac.uk/vol1/fastq/SRR219/058/SRR21996658/SRR21996658.fastq.gz	fasp.sra.ebi.ac.uk:/vol1/fastq/SRR219/058/SRR21996658/SRR21996658.fastq.gz	ftp.sra.ebi.ac.uk/vol1/fastq/SRR219/058/SRR21996658/SRR21996658.fastq.gz		824869f304f1ce22680ae6ee5487cf4d		true
SRX17979098_SRR21996659	SRR21996659	SRX17979098	SAMN31394085	SRS15494016	PRJNA892713	SRP403809	SRA1524622	GSM6664723_r1	GSM6664723_r1	GSM6664723	GSE216252	SINGLE	cDNA	TRANSCRIPTOMIC	RNA-Seq	GSM6664723	Illumina HiSeq 4000	ILLUMINA	3976728148	26335948	10090	Mus musculus	Renal tubule, control genotype, ZT12, rep 1	Illumina HiSeq 4000 sequencing: GSM6664723: Renal tubule, control genotype, ZT12, rep 1 Mus musculus RNA-Seq	Multiomics reveals multilevel control of renal and systemic metabolism by the renal tubular circadian clock	Renal tubule, control genotype, ZT12, rep 1	70636766292a80ecadcf38c08dd0913b	1944205498	ftp.sra.ebi.ac.uk/vol1/fastq/SRR219/059/SRR21996659/SRR21996659.fastq.gz	ftp.sra.ebi.ac.uk/vol1/fastq/SRR219/059/SRR21996659/SRR21996659.fastq.gz	fasp.sra.ebi.ac.uk:/vol1/fastq/SRR219/059/SRR21996659/SRR21996659.fastq.gz	ftp.sra.ebi.ac.uk/vol1/fastq/SRR219/059/SRR21996659/SRR21996659.fastq.gz		70636766292a80ecadcf38c08dd0913b		true
SRX17979097_SRR21996660	SRR21996660	SRX17979097	SAMN31394086	SRS15494015	PRJNA892713	SRP403809	SRA1524622	GSM6664722_r1	GSM6664722_r1	GSM6664722	GSE216252	SINGLE	cDNA	TRANSCRIPTOMIC	RNA-Seq	GSM6664722	Illumina HiSeq 4000	ILLUMINA	3964451395	26254645	10090	Mus musculus	Renal tubule, control genotype, ZT08, rep 5	Illumina HiSeq 4000 sequencing: GSM6664722: Renal tubule, control genotype, ZT08, rep 5 Mus musculus RNA-Seq	Multiomics reveals multilevel control of renal and systemic metabolism by the renal tubular circadian clock	Renal tubule, control genotype, ZT08, rep 5	d1f3dbef3f5fcbdb21e01057c6524b66	1954910244	ftp.sra.ebi.ac.uk/vol1/fastq/SRR219/060/SRR21996660/SRR21996660.fastq.gz	ftp.sra.ebi.ac.uk/vol1/fastq/SRR219/060/SRR21996660/SRR21996660.fastq.gz	fasp.sra.ebi.ac.uk:/vol1/fastq/SRR219/060/SRR21996660/SRR21996660.fastq.gz	ftp.sra.ebi.ac.uk/vol1/fastq/SRR219/060/SRR21996660/SRR21996660.fastq.gz		d1f3dbef3f5fcbdb21e01057c6524b66		true
SRX17979096_SRR21996661	SRR21996661	SRX17979096	SAMN31394087	SRS15494014	PRJNA892713	SRP403809	SRA1524622	GSM6664721_r1	GSM6664721_r1	GSM6664721	GSE216252	SINGLE	cDNA	TRANSCRIPTOMIC	RNA-Seq	GSM6664721	Illumina HiSeq 4000	ILLUMINA	4123418759	27307409	10090	Mus musculus	Renal tubule, control genotype, ZT08, rep 4	Illumina HiSeq 4000 sequencing: GSM6664721: Renal tubule, control genotype, ZT08, rep 4 Mus musculus RNA-Seq	Multiomics reveals multilevel control of renal and systemic metabolism by the renal tubular circadian clock	Renal tubule, control genotype, ZT08, rep 4	840384e8c4cfa3af49cc45775e2e685b	2036067498	ftp.sra.ebi.ac.uk/vol1/fastq/SRR219/061/SRR21996661/SRR21996661.fastq.gz	ftp.sra.ebi.ac.uk/vol1/fastq/SRR219/061/SRR21996661/SRR21996661.fastq.gz	fasp.sra.ebi.ac.uk:/vol1/fastq/SRR219/061/SRR21996661/SRR21996661.fastq.gz	ftp.sra.ebi.ac.uk/vol1/fastq/SRR219/061/SRR21996661/SRR21996661.fastq.gz		840384e8c4cfa3af49cc45775e2e685b		true
SRX17979095_SRR21996662	SRR21996662	SRX17979095	SAMN31394088	SRS15494013	PRJNA892713	SRP403809	SRA1524622	GSM6664720_r1	GSM6664720_r1	GSM6664720	GSE216252	SINGLE	cDNA	TRANSCRIPTOMIC	RNA-Seq	GSM6664720	Illumina HiSeq 4000	ILLUMINA	4073606879	26977529	10090	Mus musculus	Renal tubule, control genotype, ZT08, rep 3	Illumina HiSeq 4000 sequencing: GSM6664720: Renal tubule, control genotype, ZT08, rep 3 Mus musculus RNA-Seq	Multiomics reveals multilevel control of renal and systemic metabolism by the renal tubular circadian clock	Renal tubule, control genotype, ZT08, rep 3	b00d87859e7413fd0e7c331bc28e69bb	2028054218	ftp.sra.ebi.ac.uk/vol1/fastq/SRR219/062/SRR21996662/SRR21996662.fastq.gz	ftp.sra.ebi.ac.uk/vol1/fastq/SRR219/062/SRR21996662/SRR21996662.fastq.gz	fasp.sra.ebi.ac.uk:/vol1/fastq/SRR219/062/SRR21996662/SRR21996662.fastq.gz	ftp.sra.ebi.ac.uk/vol1/fastq/SRR219/062/SRR21996662/SRR21996662.fastq.gz		b00d87859e7413fd0e7c331bc28e69bb		true
SRX17979094_SRR21996663	SRR21996663	SRX17979094	SAMN31394089	SRS15494012	PRJNA892713	SRP403809	SRA1524622	GSM6664719_r1	GSM6664719_r1	GSM6664719	GSE216252	SINGLE	cDNA	TRANSCRIPTOMIC	RNA-Seq	GSM6664719	Illumina HiSeq 4000	ILLUMINA	4116352261	27260611	10090	Mus musculus	Renal tubule, control genotype, ZT08, rep 2	Illumina HiSeq 4000 sequencing: GSM6664719: Renal tubule, control genotype, ZT08, rep 2 Mus musculus RNA-Seq	Multiomics reveals multilevel control of renal and systemic metabolism by the renal tubular circadian clock	Renal tubule, control genotype, ZT08, rep 2	a192766f83fa03ff356788b36997e6b6	2021893357	ftp.sra.ebi.ac.uk/vol1/fastq/SRR219/063/SRR21996663/SRR21996663.fastq.gz	ftp.sra.ebi.ac.uk/vol1/fastq/SRR219/063/SRR21996663/SRR21996663.fastq.gz	fasp.sra.ebi.ac.uk:/vol1/fastq/SRR219/063/SRR21996663/SRR21996663.fastq.gz	ftp.sra.ebi.ac.uk/vol1/fastq/SRR219/063/SRR21996663/SRR21996663.fastq.gz		a192766f83fa03ff356788b36997e6b6		true
SRX17979093_SRR21996664	SRR21996664	SRX17979093	SAMN31394090	SRS15494011	PRJNA892713	SRP403809	SRA1524622	GSM6664718_r1	GSM6664718_r1	GSM6664718	GSE216252	SINGLE	cDNA	TRANSCRIPTOMIC	RNA-Seq	GSM6664718	Illumina HiSeq 4000	ILLUMINA	3948394206	26148306	10090	Mus musculus	Renal tubule, control genotype, ZT08, rep 1	Illumina HiSeq 4000 sequencing: GSM6664718: Renal tubule, control genotype, ZT08, rep 1 Mus musculus RNA-Seq	Multiomics reveals multilevel control of renal and systemic metabolism by the renal tubular circadian clock	Renal tubule, control genotype, ZT08, rep 1	7374c5982b7e0194880c61384ce96283	1940512426	ftp.sra.ebi.ac.uk/vol1/fastq/SRR219/064/SRR21996664/SRR21996664.fastq.gz	ftp.sra.ebi.ac.uk/vol1/fastq/SRR219/064/SRR21996664/SRR21996664.fastq.gz	fasp.sra.ebi.ac.uk:/vol1/fastq/SRR219/064/SRR21996664/SRR21996664.fastq.gz	ftp.sra.ebi.ac.uk/vol1/fastq/SRR219/064/SRR21996664/SRR21996664.fastq.gz		7374c5982b7e0194880c61384ce96283		true
SRX17979092_SRR21996665	SRR21996665	SRX17979092	SAMN31394091	SRS15494010	PRJNA892713	SRP403809	SRA1524622	GSM6664717_r1	GSM6664717_r1	GSM6664717	GSE216252	SINGLE	cDNA	TRANSCRIPTOMIC	RNA-Seq	GSM6664717	Illumina HiSeq 4000	ILLUMINA	4223340140	27969140	10090	Mus musculus	Renal tubule, control genotype, ZT04, rep 5	Illumina HiSeq 4000 sequencing: GSM6664717: Renal tubule, control genotype, ZT04, rep 5 Mus musculus RNA-Seq	Multiomics reveals multilevel control of renal and systemic metabolism by the renal tubular circadian clock	Renal tubule, control genotype, ZT04, rep 5	405f798823ac465705d23e6b8c254343	2097492657	ftp.sra.ebi.ac.uk/vol1/fastq/SRR219/065/SRR21996665/SRR21996665.fastq.gz	ftp.sra.ebi.ac.uk/vol1/fastq/SRR219/065/SRR21996665/SRR21996665.fastq.gz	fasp.sra.ebi.ac.uk:/vol1/fastq/SRR219/065/SRR21996665/SRR21996665.fastq.gz	ftp.sra.ebi.ac.uk/vol1/fastq/SRR219/065/SRR21996665/SRR21996665.fastq.gz		405f798823ac465705d23e6b8c254343		true
SRX17979091_SRR21996666	SRR21996666	SRX17979091	SAMN31394092	SRS15494009	PRJNA892713	SRP403809	SRA1524622	GSM6664716_r1	GSM6664716_r1	GSM6664716	GSE216252	SINGLE	cDNA	TRANSCRIPTOMIC	RNA-Seq	GSM6664716	Illumina HiSeq 4000	ILLUMINA	4046090300	26795300	10090	Mus musculus	Renal tubule, control genotype, ZT04, rep 4	Illumina HiSeq 4000 sequencing: GSM6664716: Renal tubule, control genotype, ZT04, rep 4 Mus musculus RNA-Seq	Multiomics reveals multilevel control of renal and systemic metabolism by the renal tubular circadian clock	Renal tubule, control genotype, ZT04, rep 4	f524a2279fa89f2ba106dd88fa12800a	2000299151	ftp.sra.ebi.ac.uk/vol1/fastq/SRR219/066/SRR21996666/SRR21996666.fastq.gz	ftp.sra.ebi.ac.uk/vol1/fastq/SRR219/066/SRR21996666/SRR21996666.fastq.gz	fasp.sra.ebi.ac.uk:/vol1/fastq/SRR219/066/SRR21996666/SRR21996666.fastq.gz	ftp.sra.ebi.ac.uk/vol1/fastq/SRR219/066/SRR21996666/SRR21996666.fastq.gz		f524a2279fa89f2ba106dd88fa12800a		true
SRX17979090_SRR21996667	SRR21996667	SRX17979090	SAMN31394093	SRS15494008	PRJNA892713	SRP403809	SRA1524622	GSM6664715_r1	GSM6664715_r1	GSM6664715	GSE216252	SINGLE	cDNA	TRANSCRIPTOMIC	RNA-Seq	GSM6664715	Illumina HiSeq 4000	ILLUMINA	3914797914	25925814	10090	Mus musculus	Renal tubule, control genotype, ZT04, rep 3	Illumina HiSeq 4000 sequencing: GSM6664715: Renal tubule, control genotype, ZT04, rep 3 Mus musculus RNA-Seq	Multiomics reveals multilevel control of renal and systemic metabolism by the renal tubular circadian clock	Renal tubule, control genotype, ZT04, rep 3	4c077e25f82792cd7e5810daa4de4b2e	1908648647	ftp.sra.ebi.ac.uk/vol1/fastq/SRR219/067/SRR21996667/SRR21996667.fastq.gz	ftp.sra.ebi.ac.uk/vol1/fastq/SRR219/067/SRR21996667/SRR21996667.fastq.gz	fasp.sra.ebi.ac.uk:/vol1/fastq/SRR219/067/SRR21996667/SRR21996667.fastq.gz	ftp.sra.ebi.ac.uk/vol1/fastq/SRR219/067/SRR21996667/SRR21996667.fastq.gz		4c077e25f82792cd7e5810daa4de4b2e		true
SRX17979089_SRR21996668	SRR21996668	SRX17979089	SAMN31394094	SRS15494007	PRJNA892713	SRP403809	SRA1524622	GSM6664714_r1	GSM6664714_r1	GSM6664714	GSE216252	SINGLE	cDNA	TRANSCRIPTOMIC	RNA-Seq	GSM6664714	Illumina HiSeq 4000	ILLUMINA	3999239077	26485027	10090	Mus musculus	Renal tubule, control genotype, ZT04, rep 2	Illumina HiSeq 4000 sequencing: GSM6664714: Renal tubule, control genotype, ZT04, rep 2 Mus musculus RNA-Seq	Multiomics reveals multilevel control of renal and systemic metabolism by the renal tubular circadian clock	Renal tubule, control genotype, ZT04, rep 2	de200f4359abd8e50549e66f23b2195f	1975391894	ftp.sra.ebi.ac.uk/vol1/fastq/SRR219/068/SRR21996668/SRR21996668.fastq.gz	ftp.sra.ebi.ac.uk/vol1/fastq/SRR219/068/SRR21996668/SRR21996668.fastq.gz	fasp.sra.ebi.ac.uk:/vol1/fastq/SRR219/068/SRR21996668/SRR21996668.fastq.gz	ftp.sra.ebi.ac.uk/vol1/fastq/SRR219/068/SRR21996668/SRR21996668.fastq.gz		de200f4359abd8e50549e66f23b2195f		true
SRX17979088_SRR21996669	SRR21996669	SRX17979088	SAMN31394095	SRS15494006	PRJNA892713	SRP403809	SRA1524622	GSM6664713_r1	GSM6664713_r1	GSM6664713	GSE216252	SINGLE	cDNA	TRANSCRIPTOMIC	RNA-Seq	GSM6664713	Illumina HiSeq 4000	ILLUMINA	3992883487	26442937	10090	Mus musculus	Renal tubule, control genotype, ZT04, rep 1	Illumina HiSeq 4000 sequencing: GSM6664713: Renal tubule, control genotype, ZT04, rep 1 Mus musculus RNA-Seq	Multiomics reveals multilevel control of renal and systemic metabolism by the renal tubular circadian clock	Renal tubule, control genotype, ZT04, rep 1	b729ed01c26ad4df7c00ae9cc9e45eaa	1967111747	ftp.sra.ebi.ac.uk/vol1/fastq/SRR219/069/SRR21996669/SRR21996669.fastq.gz	ftp.sra.ebi.ac.uk/vol1/fastq/SRR219/069/SRR21996669/SRR21996669.fastq.gz	fasp.sra.ebi.ac.uk:/vol1/fastq/SRR219/069/SRR21996669/SRR21996669.fastq.gz	ftp.sra.ebi.ac.uk/vol1/fastq/SRR219/069/SRR21996669/SRR21996669.fastq.gz		b729ed01c26ad4df7c00ae9cc9e45eaa		true
SRX17979087_SRR21996670	SRR21996670	SRX17979087	SAMN31394096	SRS15494005	PRJNA892713	SRP403809	SRA1524622	GSM6664712_r1	GSM6664712_r1	GSM6664712	GSE216252	SINGLE	cDNA	TRANSCRIPTOMIC	RNA-Seq	GSM6664712	Illumina HiSeq 4000	ILLUMINA	3967862485	26277235	10090	Mus musculus	Renal tubule, control genotype, ZT0, rep 5	Illumina HiSeq 4000 sequencing: GSM6664712: Renal tubule, control genotype, ZT0, rep 5 Mus musculus RNA-Seq	Multiomics reveals multilevel control of renal and systemic metabolism by the renal tubular circadian clock	Renal tubule, control genotype, ZT0, rep 5	fdcfff34bb357bc512d1cc858e002663	1936801065	ftp.sra.ebi.ac.uk/vol1/fastq/SRR219/070/SRR21996670/SRR21996670.fastq.gz	ftp.sra.ebi.ac.uk/vol1/fastq/SRR219/070/SRR21996670/SRR21996670.fastq.gz	fasp.sra.ebi.ac.uk:/vol1/fastq/SRR219/070/SRR21996670/SRR21996670.fastq.gz	ftp.sra.ebi.ac.uk/vol1/fastq/SRR219/070/SRR21996670/SRR21996670.fastq.gz		fdcfff34bb357bc512d1cc858e002663		true
SRX17979086_SRR21996671	SRR21996671	SRX17979086	SAMN31394097	SRS15494004	PRJNA892713	SRP403809	SRA1524622	GSM6664711_r1	GSM6664711_r1	GSM6664711	GSE216252	SINGLE	cDNA	TRANSCRIPTOMIC	RNA-Seq	GSM6664711	Illumina HiSeq 4000	ILLUMINA	3911960322	25907022	10090	Mus musculus	Renal tubule, control genotype, ZT0, rep 4	Illumina HiSeq 4000 sequencing: GSM6664711: Renal tubule, control genotype, ZT0, rep 4 Mus musculus RNA-Seq	Multiomics reveals multilevel control of renal and systemic metabolism by the renal tubular circadian clock	Renal tubule, control genotype, ZT0, rep 4	7196fc4f1993585e11aaa662d4d6b314	1936111401	ftp.sra.ebi.ac.uk/vol1/fastq/SRR219/071/SRR21996671/SRR21996671.fastq.gz	ftp.sra.ebi.ac.uk/vol1/fastq/SRR219/071/SRR21996671/SRR21996671.fastq.gz	fasp.sra.ebi.ac.uk:/vol1/fastq/SRR219/071/SRR21996671/SRR21996671.fastq.gz	ftp.sra.ebi.ac.uk/vol1/fastq/SRR219/071/SRR21996671/SRR21996671.fastq.gz		7196fc4f1993585e11aaa662d4d6b314		true
SRX17979085_SRR21996672	SRR21996672	SRX17979085	SAMN31394098	SRS15494003	PRJNA892713	SRP403809	SRA1524622	GSM6664710_r1	GSM6664710_r1	GSM6664710	GSE216252	SINGLE	cDNA	TRANSCRIPTOMIC	RNA-Seq	GSM6664710	Illumina HiSeq 4000	ILLUMINA	3995911641	26462991	10090	Mus musculus	Renal tubule, control genotype, ZT0, rep 3	Illumina HiSeq 4000 sequencing: GSM6664710: Renal tubule, control genotype, ZT0, rep 3 Mus musculus RNA-Seq	Multiomics reveals multilevel control of renal and systemic metabolism by the renal tubular circadian clock	Renal tubule, control genotype, ZT0, rep 3	ea29427dc5ce839802a51bd92d7fc9e9	1966092279	ftp.sra.ebi.ac.uk/vol1/fastq/SRR219/072/SRR21996672/SRR21996672.fastq.gz	ftp.sra.ebi.ac.uk/vol1/fastq/SRR219/072/SRR21996672/SRR21996672.fastq.gz	fasp.sra.ebi.ac.uk:/vol1/fastq/SRR219/072/SRR21996672/SRR21996672.fastq.gz	ftp.sra.ebi.ac.uk/vol1/fastq/SRR219/072/SRR21996672/SRR21996672.fastq.gz		ea29427dc5ce839802a51bd92d7fc9e9		true
SRX17979084_SRR21996673	SRR21996673	SRX17979084	SAMN31394099	SRS15494002	PRJNA892713	SRP403809	SRA1524622	GSM6664709_r1	GSM6664709_r1	GSM6664709	GSE216252	SINGLE	cDNA	TRANSCRIPTOMIC	RNA-Seq	GSM6664709	Illumina HiSeq 4000	ILLUMINA	4436571468	29381268	10090	Mus musculus	Renal tubule, control genotype, ZT0, rep 2	Illumina HiSeq 4000 sequencing: GSM6664709: Renal tubule, control genotype, ZT0, rep 2 Mus musculus RNA-Seq	Multiomics reveals multilevel control of renal and systemic metabolism by the renal tubular circadian clock	Renal tubule, control genotype, ZT0, rep 2	92a292d71ebd5f67ded54258ac5b4694	2150947948	ftp.sra.ebi.ac.uk/vol1/fastq/SRR219/073/SRR21996673/SRR21996673.fastq.gz	ftp.sra.ebi.ac.uk/vol1/fastq/SRR219/073/SRR21996673/SRR21996673.fastq.gz	fasp.sra.ebi.ac.uk:/vol1/fastq/SRR219/073/SRR21996673/SRR21996673.fastq.gz	ftp.sra.ebi.ac.uk/vol1/fastq/SRR219/073/SRR21996673/SRR21996673.fastq.gz		92a292d71ebd5f67ded54258ac5b4694		true
SRX17979083_SRR21996674	SRR21996674	SRX17979083	SAMN31394100	SRS15494001	PRJNA892713	SRP403809	SRA1524622	GSM6664708_r1	GSM6664708_r1	GSM6664708	GSE216252	SINGLE	cDNA	TRANSCRIPTOMIC	RNA-Seq	GSM6664708	Illumina HiSeq 4000	ILLUMINA	4050707125	26825875	10090	Mus musculus	Renal tubule, control genotype, ZT0, rep 1	Illumina HiSeq 4000 sequencing: GSM6664708: Renal tubule, control genotype, ZT0, rep 1 Mus musculus RNA-Seq	Multiomics reveals multilevel control of renal and systemic metabolism by the renal tubular circadian clock	Renal tubule, control genotype, ZT0, rep 1	f7d4bd5ff5c5a12e3491badb6d61d10a	2005101916	ftp.sra.ebi.ac.uk/vol1/fastq/SRR219/074/SRR21996674/SRR21996674.fastq.gz	ftp.sra.ebi.ac.uk/vol1/fastq/SRR219/074/SRR21996674/SRR21996674.fastq.gz	fasp.sra.ebi.ac.uk:/vol1/fastq/SRR219/074/SRR21996674/SRR21996674.fastq.gz	ftp.sra.ebi.ac.uk/vol1/fastq/SRR219/074/SRR21996674/SRR21996674.fastq.gz		f7d4bd5ff5c5a12e3491badb6d61d10a		true
